tweet_id,link,tweet_content,annotation_sentiment
1335707320207233025,https://twitter.com/FabioDeMasi/status/1335707320207233025,"Friedrich #Merz auf einem Bierdeckel. 1997 votiert er gegen die Strafbarkeit der Vergewaltigung, wenn sie in der Ehe stattfindet. 2000 fordert er Rente ab 70, 2004 Abschaffung K√ºndigungsschutz und 2006 klagt er gegen Ver√∂ffentlichung Nebeneink√ºnfte von Abgeordneten. Noch Fragen?",
1307411198082789377,https://twitter.com/MartinaRenner/status/1307411198082789377,#DankePolizei ihr habt mich vor Jahren von einer Demo zur Identit√§tsfeststellung geschleppt. In der Polizeiwanne habt ihr gefragt ob ich es mit oder ohne Gewalt m√∂chte. Der Unterarm einer Frau sei schnell gebrochen. Ihr wart zu sechst. Ich allein. Ich werde es Euch nie vergessen.,
1227850253157765120,https://twitter.com/katjakipping/status/1227850253157765120,"Heute vor 10 Jahren demonstrierten neben vielen anderen 2 M√§nner in #Dresden. Rechts seht ihr Bj√∂rn H√∂cke. Der demonstrierte mit den Nazis. Links seht ihr Bodo Ramelow, einer unter 1000en, die gegen Nazis protestierten. Wo ist gleich noch mal die politische Mitte zwischen beiden? https://t.co/HwuUtfUMKe",
1343816358136606721,https://twitter.com/NiemaMovassat/status/1343816358136606721,"Krankenh√§user sagen, sie k√∂nnen bald die Geh√§lter der Mitarbeiter*innen nicht mehr bezahlen, weil zu viele Operationen verschoben werden mussten.  Der Markt regelt einen Dreck. Krankenh√§user geh√∂ren in √∂ffentliche Hand! https://t.co/M2nF116dHl",
1343255734046355456,https://twitter.com/Andi_Wagner/status/1343255734046355456,Die Bildzeitung ist ein Drecksblatt. Meine Meinung.,
1283805912248049664,https://twitter.com/NiemaMovassat/status/1283805912248049664,"Der neue #HartzIV Regelsatz:  - 5 Euro f√ºr einen Erwachsenen pro Tag f√ºr Essen. F√ºr Fr√ºhst√ºck, Mittag- und Abendessen. - f√ºr Kinder bis 6 Jahren gibt's nur 3 Euro pro Tag f√ºrs Essen - 1,58 Euro f√ºr Bildung. Pro Monat!  Das ist schlicht menschenverachtend.  #Armut #alg2",
1336043186398121984,https://twitter.com/pascalmeiser/status/1336043186398121984,"Da @_FriedrichMerz gerade per Abmahnungen verhindern will, dass an dunkle Flecken in seiner Vita erinnert wird, gerne auch hier nochmal:  Friedrich #Merz hat 1997 im #Bundestag dagegen votiert, dass Vergewaltigung in der Ehe genauso strafbar wird wie au√üereheliche Vergewaltigung.",
1218220264623874050,https://twitter.com/berlinliebich/status/1218220264623874050,"Die AfD ist eine Partei, die 7 Jahre nach Gr√ºndung kein Rentenkonzept hat.  J√∂rg Meuthen ist einer, der die gesetzliche Rente abschaffen will.  J√∂rg Meuthen von der AfD macht ""Fridays gegen Altersarmut"".  Wen wollen die eigentlich verarschen?",
1278585624233205761,https://twitter.com/DietmarBartsch/status/1278585624233205761,Nachricht des Tages: T√∂nnies kann auch gute Geh√§lter zahlen. @sigmargabriel,
1231281840440430595,https://twitter.com/katjakipping/status/1231281840440430595,"Bin fassungslos: In #Hanau t√∂tet ein deutscher Rassist 11 Menschen und beim Bericht √ºber das Gedenken fragt das @ZDF in den HeuteNachrichten: ""Ist Multikulti gescheitert?"" Noch beim Sprechen √ºber Opfer von Rassismus werden rechte Deutungsmuster bedient.  Haben die nichts gelernt?",
1289471923525541888,https://twitter.com/berlinliebich/status/1289471923525541888,"Ihr seid keine Querdenker. Ihr seid gef√§hrliche Spinner!  #b0108  Danke allen, die sich dem entgegenstellen.",
1230496011996606464,https://twitter.com/lgbeutin/status/1230496011996606464,"#RechterTerror in #Hanau auf Menschen, die sich in einem Caf√© entspannen: Es ist die #AfD, auch in Hessen, die seit Monaten gegen #ShishaBars hetzt. Und das ist nur eine kleine Auswahl. #noafd #Rassismus https://t.co/dIvpdpzrNa",
996708995044921345,https://twitter.com/AkbulutGokay/status/996708995044921345,Oh Nein!!!! Was passieren in Mittagpause??? Ich normal in B√§ckerei gehen und sehen Wen? Linder in Schlange bei B√§ckerei!!!! Laufen schnell mit meine Brot weg! üòÇüòÇüòÇüòÇ @c_lindner https://t.co/FfgoSyVvTD,
1248544129153478656,https://twitter.com/DietmarBartsch/status/1248544129153478656,"Erst wollte #adidas keine Miete bezahlen, jetzt will #BMW 1,6 Milliarden an Aktion√§re √ºberweisen (Gro√üteil an zwei Personen) und beantragt parallel Staatshilfen. Wie nennt man das? Unsolidarisch? Nein, asozial.",
1299958044487561217,https://twitter.com/NiemaMovassat/status/1299958044487561217,"Never forget, dass es 8 Polizeibeamte gab, um einen 15 J√§hrigen E-Scooter Fahrer festzunehmen, aber nur 3 Polizeibeamte, um einen rechtsextremen Mob davon abzuhalten, den #Reichstag zu st√ºrmen. √úber diese Priorit√§ten sollten wir intensiver reden. #Bundestag #BerlinDemo #Schande",
1267739857989795840,https://twitter.com/KarambaDiaby/status/1267739857989795840,Ich sei hier nicht erw√ºnscht! Ich lebe seit fast 35 Jahren in Halle und habe die Stadt nie l√§nger als vier Wochen verlassen. Das gedenke ich auch in Zukunft nicht zu tun. https://t.co/LccFEykdBv,
1217548971767484417,https://twitter.com/KarambaDiaby/status/1217548971767484417,"Ich bin zutiefst dankbar f√ºr die Solidarit√§t, die ich heute von Tausenden von Menschen erhalten habe. Ihr gebt mir Kraft und Mut.",
1240681350014910464,https://twitter.com/KuehniKev/status/1240681350014910464,Endlich ist der Name mal f√ºr etwas zu gebrauchen. üëÜ,
1337886309327785984,https://twitter.com/Karl_Lauterbach/status/1337886309327785984,Nicht ganz falsch... https://t.co/1tv0eH3Fu6,
1225059533514514432,https://twitter.com/KuehniKev/status/1225059533514514432,"Heute ist ein guter Tag, um in eine antifaschistische Partei einzutreten.",
1341176352221917185,https://twitter.com/Karl_Lauterbach/status/1341176352221917185,An wen denkt EDEKA hier? https://t.co/jVE7pG1YwV,
1280481098649255936,https://twitter.com/KarambaDiaby/status/1280481098649255936,Ich wurde - zusammen mit einer anderen Schwarzen Person - von Polizisten vor Hunderten von Mitpendler*innen kontrolliert. Sie haben nur uns beide nach dem Ausweis gefragt. Das war verletzend. #RacialProfiling passiert in diesem Land. √ñffnen wir endlich unsere Augen &amp; Archive.,
1230594378353270784,https://twitter.com/KuehniKev/status/1230594378353270784,"Rassistische Morde geschehen nicht, weil die Opfer ""fremd"" sind. Das Mordopfer kann niemals die Mordursache sein.  Rassistische Morde geschehen, weil die T√§ter rassistisch denken und handeln. #Hanau   Das Problem hei√üt nicht #Fremdenfeindlichkeit. Das Problem hei√üt #Rassismus.",
1259966337268559878,https://twitter.com/Karl_Lauterbach/status/1259966337268559878,"Ich w√ºrde es nicht so ausdr√ºcken, aber...",
1217846933513031681,https://twitter.com/KarambaDiaby/status/1217846933513031681,Das B√ºrgerb√ºro war heute ganz normal ge√∂ffnet. Es kamen √ºber 50 B√ºrger*innen vorbei und bekundeten ihre #Solidarit√§t. Eine von ihnen f√ºllte die Einschussl√∂cher mit Rosen. Das hat mich heute sehr ger√ºhrt. Danke. https://t.co/Da9KKnEUoL,
1243950833152274432,https://twitter.com/KarambaDiaby/status/1243950833152274432,"Es ist unversch√§mt und unsolidarisch, wenn milliardenschwere Unternehmen ihre Miete nicht mehr bezahlen, w√§hrend das kleine Caf√© um die Ecke zahlen soll. #adidas",
1265317623480418305,https://twitter.com/Karl_Lauterbach/status/1265317623480418305,"Lieber @c_drosten Es ist traurig, dass es Hetzer gibt, die so etwas verantworten. Aber die √ºberw√§ltigende Mehrheit der Bev√∂lkerung weiss Ihre Arbeit zu sch√§tzen. Mit mir angefangen.",
1308011695315521539,https://twitter.com/KuehniKev/status/1308011695315521539,"""Die sexuelle Orientierung geht die √ñffentlichkeit nichts an, solange sich das im Rahmen der Gesetze bewegt und solange es nicht Kinder betrifft. An der Stelle ist f√ºr mich allerdings eine absolute Grenze erreicht.‚Äú  Das sagt @_FriedrichMerz im September 2020. Ein Thread.",
1217446518954823682,https://twitter.com/KarambaDiaby/status/1217446518954823682,Am Mittwochmorgen wurden an meinem B√ºrgerb√ºro Einschussl√∂cher bemerkt. Eine B√ºroscheibe mit meinem Konterfei weist mehrere Einschussl√∂cher auf. Die Polizei und der Staatsschutz ermitteln. https://t.co/NyGXlVQK8Q,
1324503377330479104,https://twitter.com/KuehniKev/status/1324503377330479104,"Der ~m√§chtigste Mann der Welt~ und ~gro√üartigste #POTUS aller Zeiten~ war also nicht in der Lage, einen ~von langer Hand geplanten Wahlbetrug~ einiger ~Linksradikler~ zu verhindern.  Als autorit√§r gepolter W√§hler w√ºrde ich vielleicht einfach denken, dass er ein Lappen ist.",
1274997286607769601,https://twitter.com/cem_oezdemir/status/1274997286607769601,"Immerhin habe ich ‚Äûbitte‚Äú gesagt... Aber im Ernst, ‚ÄûFresse‚Äú h√§tte mir nicht rausrutschen d√ºrfen. Auch wenn ich der √úberzeugung bin, dass wir nicht in einer Polizeidikatur leben, h√§tte ich andere Worte w√§hlen m√ºssen.",
1214792068830302208,https://twitter.com/cem_oezdemir/status/1214792068830302208,"Sitze gerade im ICE nach Bayern &amp; muss daran denken, wie ich mal in einem Gro√üraumwagen als einziger von der Polizei mitsamt Sch√§ferhund kontrolliert wurde. Hatte mich allerdings auch auff√§llig benommen: Ich las die FAZ, trug Anzug, war nicht betrunken &amp; habe niemand angep√∂belt.",
1299847406763339784,https://twitter.com/ABaerbock/status/1299847406763339784,"Wenn vor dem Reichstag Fahnen des deutschen Reichs wehen, dann ist das kein Ausdruck von Meinungsfreiheit,  sondern ein Angriff auf unsere Demokratie. Und die muss wehrhaft sein.  #niewieder #b2908",
1230429320365199361,https://twitter.com/cem_oezdemir/status/1230429320365199361,"Es reicht! Wir haben in Deutschland ein massives Problem mit rechtem Terror &amp; m√ºssen endlich anfangen, rechten Sumpf mit aller H√§rte des Rechtsstaates ein f√ºr alle Mal trockenzulegen, und zwar on- wie offline. #Hanau",
1240251122910220290,https://twitter.com/RenateKuenast/status/1240251122910220290,Ihr seit widerlich! #NoAfD,
1265199971076374528,https://twitter.com/cem_oezdemir/status/1265199971076374528,Fragw√ºrdige Methoden: Bild-Artikel √ºber @c_drosten grob falsch. Wie lange wei√ü der Chefredakteur schon Bescheid? üòâ https://t.co/f1mTi26W90,
1317537921289900033,https://twitter.com/cem_oezdemir/status/1317537921289900033,"Mich l√§sst der islamistische Mord in  #ConflansSainteHonorine nicht los. Ein Lehrer wurde ermordet, weil er Sch√ºler*innen zu freiheitlichen B√ºrgern erzog, die Demokratie, Meinungs-, Religions- &amp; Pressefreiheit leben. Muss f√ºr uns Ansporn sein, diese laut zu verteidigen! üñ§ üá´üá∑ üá™üá∫",
1300211490990022656,https://twitter.com/RenateKuenast/status/1300211490990022656,"Wenn 88 % es so sehen u 10% anders, wie kann man dann sagen eine Gesellschaft w√§re an der Stelle gespalten? https://t.co/MpA4B9ivsn",
1274610647712530432,https://twitter.com/cem_oezdemir/status/1274610647712530432,"Bin ersch√ºttert √ºber die schlimmen Ereignisse in unserer Stadt #Stuttgart. Egal, aus welcher Richtung diese idiotische Zerst√∂rungsgewalt kommt, es gibt daf√ºr keine Rechtfertigung! Die T√§ter m√ºssen gefasst werden. Danke an allen Einsatzkr√§fte &amp; den Verletzen gute Besserung!",
1007187591869947904,https://twitter.com/KonstantinNotz/status/1007187591869947904,Die ‚ÄúGrenz√∂ffnung 2015‚Äù ist die #Dolchsto√ülegende unserer Zeit. Es ist eine rechtlich wie tats√§chlich abwegige rechtsreaktion√§re Verschw√∂rungstheorie. Es ist der Versuch die Europ√§ische durch eine nationalistische Erz√§hlung zu ersetzen.,
1247449548940869632,https://twitter.com/stephankuehn/status/1247449548940869632,"Innerhalb von 3 Wochen werden 200.000 deutsche Urlauber aus dem Ausland zur√ºckgeholt, 40.000 Erntehelfer sollen per Luftbr√ºcke nach Deutschland kommen. Aber nach 4 Wochen sind 1.500 schutzbed√ºrftige Fl√ºchtlingskinder noch immer nicht in Sicherheit. Erb√§rmlich! #LeaveNoOneBehind",
1255111544435871744,https://twitter.com/ABaerbock/status/1255111544435871744,"Aus gegebenem Anlass: Unsere Gesellschaft zeichnet aus, dass alle ein gleiches Recht auf medizinische Behandlung haben. Unsere Verfassung ist da mehr als klar.",
1301165816461832199,https://twitter.com/cem_oezdemir/status/1301165816461832199,"Jeder, der am Wochenende mit einer Russlandfahne &amp; Putinrufen demonstriert hat, muss wissen: Der Kreml l√§sst Opposition vergiften, nicht demonstrieren. Das ist nicht stark, sondern entlarvt die Angst autorit√§rer Herrscher vor Kritik! #Nawalny",
1329158774880415745,https://twitter.com/KonstantinNotz/status/1329158774880415745,Seit heute amtlich: Die Fraktion der #noAfD ist ein Sicherheitsproblem f√ºr den Deutschen Bundestag.,
1288943993519210496,https://twitter.com/svenlehmann/status/1288943993519210496,"K√∂nnen wir bitte nicht mehr ‚Äûsozial Schwache‚Äú sagen, wenn wir Menschen meinen, die wenig Geld haben?  Viele dieser Menschen sind sozial st√§rker als die, die finanziell stark sind.   Danke.",
1300362469139980288,https://twitter.com/jensspahn/status/1300362469139980288,"Miteinander diskutieren, das ist Demokratie. Br√ºllen und beleidigen ist es nicht. Eine kleine Gruppe mag laut sein. Die gro√üe Mehrheit der B√ºrger h√§lt trotz mancher H√§rten in der Krise zusammen &amp; hilft mit. Das macht uns stark. Achten wir einander &amp; geben weiter aufeinander Acht!",
1318983011736715265,https://twitter.com/jensspahn/status/1318983011736715265,"Danke f√ºr die vielen guten W√ºnsche. Ich bin in h√§uslicher Isolation und erhole mich mit aktuell nur Erk√§ltungssymptomatik. Allen, mit denen ich Kontakt hatte, w√ºnsche ich, dass sie gesund bleiben. Geben wir weiter aufeinander acht!",
1244923321810137090,https://twitter.com/polenz_r/status/1244923321810137090,https://t.co/gWgaUqgPDs,
1337341153902014467,https://twitter.com/polenz_r/status/1337341153902014467,Na dann https://t.co/Gj4BLl9Lo0,
1300788529996464133,https://twitter.com/polenz_r/status/1300788529996464133,"MIT DEN HEUTIGEN ERKENNTNISSEN h√§tten wir Friseure und Einzelhandel nicht schlie√üen m√ºssen, sagt Spahn. Das hei√üt: Mit den damaligen blieb nichts anderes √ºbrig.  Mit den Kenntnissen von Montag h√§tte ich meinen Lottoschein auch anders ausgef√ºllt.",
1339896591562489858,https://twitter.com/KartesMdB/status/1339896591562489858,"Diese Todesanzeige in meiner Lokalzeitung hat mich heute sehr bewegt. Wer sagt, es treffe nur die Alten: Wollen Sie mit 70 sterben? Wollen Sie mit 47 den Vater verlieren? Jedes Leben ist gleich viel wert. #aha #zusammengegencorona https://t.co/JugMeEt46p",
1264946109719379970,https://twitter.com/polenz_r/status/1264946109719379970,"Sieht so aus, als w√ºrde aus einem Rufmord an einem Wissenschaftler ein journalistischer Selbstmord https://t.co/A6Bucyb3eT",
1324767075265634305,https://twitter.com/polenz_r/status/1324767075265634305,Wann war nochmal die Einf√ºhrung des M√§nnerwahlrechts? Und warum? https://t.co/3iddasiBNn,
1279418480387858437,https://twitter.com/MatthiasHauer/status/1279418480387858437,"Deutsche mit Migrationshintergrund begehen durchschnittlich √ºbrigens deutlich weniger Straftaten als #AfD-Mitglieder des Bundestages. Sollte man zus√§tzlich bedenken, wenn sie mal wieder √ºber Ausl√§nder, ‚ÄûPass-Deutsche‚Äú etc. hetzen. #NazisRaus #noAfD #AfDiststaatszersetzend",
1279893337131139073,https://twitter.com/polenz_r/status/1279893337131139073,https://t.co/e046b7by2y,
1283699023405342724,https://twitter.com/polenz_r/status/1283699023405342724,"Unsere Fehlerkultur macht Unterschiede, je nach dem, ob man Manuel oder Mesut hei√üt.",
1280042267550588928,https://twitter.com/n_roettgen/status/1280042267550588928,"#China massively curtails #Hongkong‚Äôs freedoms. But instead of clearly condemning this injustice, the German foreign service warns üá©üá™ citizens against criticizing üá®üá≥. This kind of self-censorship is exactly what üá®üá≥ wants. We need to protect our citizens, but not on China‚Äôs terms.",
1335688233494130688,https://twitter.com/polenz_r/status/1335688233494130688,So ist das wohl https://t.co/2G08gauLmB,
1225034823888199682,https://twitter.com/polenz_r/status/1225034823888199682,"Der FDP-MP Kemmerich kann nur mit Stimmen von FDP, CDU und der v√∂lkisch-nationalistischen AfD gew√§hlt worden sein. In eine von der AfD tolerierte FDP-Regierung darf die CDU nicht eintreten. Es sollte so schnell wie m√∂glich Neuwahlen geben. #Th√ºringen",
1227983709770481664,https://twitter.com/PaulZiemiak/status/1227983709770481664,Warum nenne ich Herrn H√∂cke einen Nazi? Weil er einer ist! https://t.co/NFPtOmqezn,
1242912639304568832,https://twitter.com/MarcoBuschmann/status/1242912639304568832,"Nur zwei AfD-MdBs haben f√ºr Beschluss nach Art 115 GG gestimmt. Der war aber Voraussetzung f√ºr Hilfen an kleine Betriebe bis 10 Besch√§ftigte. Jeder, der in solchen Betrieben arbeitet und schon mal AfD gew√§hlt hat, sollte wissen: Die waren heute bereit, Euch h√§ngen zu lassen.",
1329022953586044929,https://twitter.com/KonstantinKuhle/status/1329022953586044929,"Die AfD hat Personen ins Reichstagsgeb√§ude eingeschleust, die Abgeordnete bedr√§ngen und ihnen die Handykamera ins Gesicht halten. Ich empfinde diese Versuche der Beeinflussung des Abstimmungsverhaltens als absolut unerh√∂rt. Das geh√∂rt unterbunden.",
1225045153477550081,https://twitter.com/MAStrackZi/status/1225045153477550081,"Ich sch√§tze Thomas #Kemmerich pers√∂nlich. Ich verstehe seinen Wunsch, #Ministerpr√§sident zu werden. Sich aber von jemandem wie #H√∂cke w√§hlen zu lassen, ist unter Demokraten inakzeptabel &amp; unertr√§glich. Es ist daher ein schlechter Tag f√ºr mich als Liberale. #Th√ºringen #Thueringen",
1225093712646168576,https://twitter.com/Lambsdorff/status/1225093712646168576,"Man kann, ja soll in einer demokratischen #Wahl antreten. Aber man l√§sst sich nicht von @AfD-Faschisten w√§hlen. Wenn es doch passiert, nimmt man die Wahl nicht an.  Am besten f√ºr @KemmerichThL, #Th√ºringen und  @fdp: Sofortiger #R√ºcktritt, schnelle #Neuwahlen.  #Thueringen #FDP",
1299770802917838851,https://twitter.com/KonstantinKuhle/status/1299770802917838851,"Die Beh√∂rden in der Bundeshauptstadt m√ºssen in der Lage sein, das Durchbrechen der Absperrung um das Reichstagsgeb√§ude zu verhindern. Wenn ich sehe, wie schwarz-wei√ü-rote Fahnen vor unserem Parlament geschwenkt werden, wird mir schlecht.",
1290927580401602561,https://twitter.com/c_lindner/status/1290927580401602561,"Ich bin selten mit @KuehniKev einer Meinung - was w√ºrde Abschluss seines Studiums daran √§ndern?¬†Statt √ºber Studienabschluss zu diskutieren, sollten wir lieber in der Sache streiten. Im Parlament m√ºssen nicht nur Akademiker sein. CL #Kuehnert",
1262327879964246017,https://twitter.com/c_lindner/status/1262327879964246017,"Ich sagt eben zu @derspiegel: Die spontane Umarmung bei der Verabschiedung am Freitag war ein Fehler, wie er unter Freunden nach einem privaten Abend leider passiert. Das war kein Vorsatz, sondern Unkonzentriertheit. Am Ende bleibt man Mensch. Tut mir leid! CL",
1259427578953314305,https://twitter.com/c_lindner/status/1259427578953314305,"Wer sich f√ºr B√ºrgerrechte und eine intelligente √ñffnungsstrategie einsetzt, der demonstriert nicht mit obskuren Kreisen und der verzichtet nicht auf Abstand und Schutz. Die Aktion von @KemmerichThL schw√§cht unsere Argumente. Ich habe daf√ºr kein Verst√§ndnis. CL (2/2)",
1268446539468484609,https://twitter.com/theliberalfrank/status/1268446539468484609,"F√ºr die Freiheit, an der Seite von #HongKong. Wir erinnern an #TiananmenSquareMassacre. #HongKongProtests https://t.co/tViCUDMsXQ",
1291757488543539200,https://twitter.com/GydeJ/status/1291757488543539200,"USA verh√§ngen Sanktionen gegen #Beijing‚Äòs Erf√ºllungsgehilfin Carrie Lam. Die Regierungschefin in #Hongkong ist ma√ügeblich f√ºr Menschenrechtsverletzungen verantwortlich. Richtiger Schritt, den auch die #EU w√§hlen sollte.  üåé Gemeinschaft muss Demokratiebewegung in üá≠üá∞ unterst√ºtzen.",
1213052937020354560,https://twitter.com/c_lindner/status/1213052937020354560,"Unmittelbar nach so einem Einsatz f√§llt die @spdde den Beamtinnen und Beamten in den R√ºcken. Wer f√ºr uns die Knochen hinh√§lt, sollte den R√ºcken gest√§rkt bekommen. Hier werden T√§ter und Opfer vertauscht. CL #Esken #Connewitz",
1321406791964655617,https://twitter.com/c_lindner/status/1321406791964655617,"Die #Unverletzlichkeit der #Wohnung ist ein #Verfassungsgebot. Herr #Lauterbach schl√§gt Ma√ünahmen vor, die sch√§rfer sind als die bei der Terrorismusabwehr. Das kann ich nicht mehr als verh√§ltnism√§√üig betrachten und das ist mit Sicherheit auch nicht mehr verfassungsgem√§√ü. CL",
1301423063293145093,https://twitter.com/GydeJ/status/1301423063293145093,Seit √ºber eineinhalb Jahren fordert die @fdpbt st√§rkere Einhaltung von V√∂lkerrecht und #Menschenrechten in #Hongkong.  Gestern habe ich @nathanlawkc getroffen und die Auslandsreise von #WangYi Revue passieren lassen. Unser Fazit: #CCP hat falsch gepokert - üá™üá∫ steht zusammen. https://t.co/gEhXuBlD4P,
1274061913190739969,https://twitter.com/DFoest/status/1274061913190739969,Wolfgang #Kubicki made my day:  ‚ÄûHat jemand Drecksack zur #AfD gerufen?‚Äú  ‚ÄûAch Hetzer? Sehr gut‚Äú ü§£ü§£ü§£ https://t.co/SBqwLmi3qB,
1303652953744699393,https://twitter.com/c_lindner/status/1303652953744699393,"Der #Bundestag zollt der Polizei mit stehendem Applaus Respekt. Auf der Trib√ºne die Beamten, die sich dem Mob auf den Treppen des Reichstags entgegen gestellt haben. Welche Fraktion erhebt sich nicht? #AfD. Das sind keine Verfassungspatrioten. CL",
1237814821736845317,https://twitter.com/Alice_Weidel/status/1237814821736845317,"Weil er die Migrationspolitik in Deutschland kritisierte, flog Xavier #Naidoo aus der Jury von #DSDS. Das sagt viel √ºber die Meinungsfreiheit in unserem Land aus! https://t.co/cb6vGGz4ls",
1218932269261512704,https://twitter.com/PetrBystronAfD/status/1218932269261512704,"Dear Iranian Friends: As promised, I read 4 of 1400 tweets you sent me in German parliament. Your voices were heard! I told all German parties to support YOU - not the Mullahs! See the original speech here (in Farsi)!  @realDonaldTrump #IranProtests2020    https://t.co/nx7Y1HQd86",
1274716341103181825,https://twitter.com/Alice_Weidel/status/1274716341103181825,"#Stuttgart: Verharmlosend spricht Polizeipr√§sident Lutz von T√§tern aus der ""Party- &amp; Eventsszene"". So als h√§tten Feiernde √ºber die Str√§nge geschlagen. Grotesk und den verletzten Beamten gegen√ºber unw√ºrdig. Sch√§men Sie sich, Herr Lutz - und geben Sie Ihr Amt ab! #Migrantifa #AfD",
1292177397329076224,https://twitter.com/JoanaCotar/status/1292177397329076224,"Darf ich vorstellen? Ricarda Lang, stellvertretende Bundesvorsitzende von @Die_Gruenen, DIE Gr√ºnen, die - angesichts der steigenden Zahl √ºbergewichtiger Menschen in Deutschland - gerne TV-Werbung f√ºr Fast Food verbieten wollen. Lass es Dir schmecken, Ricarda! üòÅüçîüçüüçî #McDonalds https://t.co/NFOMOxtG8A",
1225407109824745475,https://twitter.com/Alice_Weidel/status/1225407109824745475,"Das politische Berlin steht Kopf, weil ein Ministerpr√§sident der #SED-Nachfolgepartei nicht gew√§hlt wurde. Nun wird der #FDP-Ministerpr√§sident zur Aufgabe gezwungen. #Merkel &amp; alle Parteien offenbaren ein erschreckendes Demokratieverst√§ndnis - n√§mlich gar keines! #Thuerigen",
1284778608461045760,https://twitter.com/Alice_Weidel/status/1284778608461045760,"‚Äû#PartyundEventszene‚Äú wieder aktiv: Randalierer verw√ºsten letzte Nacht #Opernplatz in #Frankfurt! Was muss noch passieren, damit der Schutz der B√ºrger und ihres Hab und Gutes endlich wieder in den Vordergrund gestellt wird? Es muss endlich konsequent durchgegriffen werden! #AfD https://t.co/MDMkzXApqa",
1277254322561208320,https://twitter.com/Alice_Weidel/status/1277254322561208320,"Die Krawallnacht, die #Stuttgart vor einer Woche erleben musste, war eine Nacht der Schande! Das Problem sind eingewanderte Parallelgesellschaften, die in unserem Land nie angekommen sind, die unsere Werte, unsere Art zu leben und unsere Rechtsordnung ablehnen und verachten! #AfD https://t.co/rfS7Mi4H2p",
1226797527195947009,https://twitter.com/Alice_Weidel/status/1226797527195947009,"Jetzt k√∂nnte die #CDU N√§gel mit K√∂pfen machen: Nachdem #AKK ihren R√ºckzug angek√ºndigt hat, st√ºnde Bodo #Ramelow sicher f√ºr den CDU-Vorsitz bereit. Da k√§me dann zusammen, was seit Merkels ""Wahl-r√ºckg√§ngig-machen"" zusammengeh√∂rt. #Kanzlerkandidatur #KrampKarrenbauer #AKKR√ºcktritt",
1236248048457650176,https://twitter.com/Alice_Weidel/status/1236248048457650176,"Migranten an der üáπüá∑-üá¨üá∑ Grenze geben offen zu, dass sie nicht in #Griechenland bleiben wollen, sondern das Land f√ºr sie nur eine ""Br√ºcke"" ist, um in andere L√§nder weiterreisen zu k√∂nnen. Einmal mehr zeigen sich die fatalen Folgen der Willkommenspolitik. #Erdogan #Merkel #AfD https://t.co/1MnSkDmXuP",
1243480141612879873,https://twitter.com/Alice_Weidel/status/1243480141612879873,Zwei Jahre Bew√§hrung f√ºr ein Menschenleben - dieses Skandalurteil ist eine Ohrfeige f√ºr die Angeh√∂rigen des Opfers! #Wittenberg #Staatsversagen #AfD https://t.co/0ob01A0zsO https://t.co/CxqyvGfqvB,
1237126247395835912,https://twitter.com/GottfriedCurio/status/1237126247395835912,"Warum sitzt bei #hartaberfair ein v√∂llig unbekannter ""Komiker"", der niemanden repr√§sentiert au√üer sich selbst? W√§hrend die AfD mit Mill. W√§hlern wieder ausgegrenzt wird. Zumal bei einem Thema, wo alle anderen Parteien dieselbe Meinung haben. Statt Debatte: Regierungspropaganda.",
1233891967274274816,https://twitter.com/GottfriedCurio/status/1233891967274274816,"Deutschland droht ein zweites 2015, diesmal mit Hardcore-Islamisten, die bis zuletzt gek√§mpft haben; und was trendet hier? #sportstudio #DSDS #Takemeout und zwei Fu√üballspiele. Ist das jetzt Desinteresse, Apathie oder das letzte Spielen der Bordkapelle, w√§hrend das Schiff sinkt?",
1275330448454045696,https://twitter.com/Alice_Weidel/status/1275330448454045696,"Klar. NIEMAND konnte SOWAS ahnen. Das ist das Ergebnis einer ungeregelten, illegalen #Einwanderung aus gewaltaffinen Gesellschaften, die auf unseren Rechtsstaat pfeifen. Davor haben wir immer gewarnt! #Stuttgart #StuttgartRiots #Kretschmann #Migration #AfD https://t.co/VVwrz9pWrR",
1230411493340041216,https://twitter.com/Joerg_Meuthen/status/1230411493340041216,"Das ist weder rechter noch linker Terror, das ist die wahnhafte Tat eines Irren. Jede Form politischer Instrumentalisierung dieser schrecklichen Tat ist ein zynischer Fehlgriff. Es sollen stattdessen alle Menschen unseres Landes gemeinsam mit den Angeh√∂rigen um die Opfer trauern.",
1288409793632317440,https://twitter.com/Alice_Weidel/status/1288409793632317440,"Deutsche Kuscheljustiz macht M√§dchen zum Freiwild! Afghanischer T√§ter nach Vergewaltigung einer Elfj√§hrigen in #Dortmund gefasst und wieder freigelassen, schl√§gt erneut zu und vergewaltigt Dreizehnj√§hrige. Eine Schande f√ºr unser Land und ein Armutszeugnis f√ºr unsere Justiz. #AfD https://t.co/MIKA1mXqTc",
1309834884823879680,https://twitter.com/Markus_Soeder/status/1309834884823879680,"Wir werden f√ºr Bayern anordnen, dass die Reichskriegsflagge verboten wird. Mit einer solchen Flagge zeigt man die Ablehnung unserer Demokratie. #csuvpt20",
1300059250354532353,https://twitter.com/Markus_Soeder/status/1300059250354532353,"In Deutschland kann jeder sagen, was er m√∂chte. Aber Symbole der Rechtsextremen vor dem Reichstag sind ein R√ºckfall in dunkelste Kapitel unserer Geschichte. Hier sollte man nicht nur k√∂rperlichen, sondern auch geistigen Abstand wahren. Danke an die Polizei f√ºr ihren Einsatz.",
1246689377239080960,https://twitter.com/Markus_Soeder/status/1246689377239080960,"Wir werden 500 Euro als Bonus an alle Pflegekr√§fte zahlen. Zudem haben wir in allen Krankenh√§usern, Pflege- und Seniorenheimen freies Essen und Getr√§nke f√ºr die Besch√§ftigten eingerichtet.",
1275085021829828610,https://twitter.com/smuellermdb/status/1275085021829828610,"Wir haben in Deutschland ein Problem mit Migranten, die keinerlei Respekt vor der Polizei haben. Angestachelt von den Rassismus-Diskussionen der letzten Wochen f√ºhlen sie sich als Opfer und enthemmt durch Alkohol und Drogen entl√§dt sich der Hass auf Polizisten. #Stuttgart",
1225103643092889600,https://twitter.com/Markus_Soeder/status/1225103643092889600,"Es ist ein inakzeptabler Dammbruch, sich mit Stimmen von AfD und vor allem von Herrn H√∂cke zum Ministerpr√§sidenten w√§hlen zu lassen. Die beste und ehrlichste Antwort w√§ren Neuwahlen. #Th√ºringen https://t.co/u7puQeFs2N",
1325132424775421952,https://twitter.com/Markus_Soeder/status/1325132424775421952,"Yes he can! Herzlichen Gl√ºckwunsch an @JoeBiden Bin sehr erleichtert, dass der Wahlkrimi ein gutes Ende genommen hat. Mein Vertrauen in die amerikanische Demokratie ist wieder gest√§rkt. Jetzt sollte das bizarre Schauspiel der letzten Tage ein Ende finden.",
1298607091461087237,https://twitter.com/smuellermdb/status/1298607091461087237,"Ich halte das Demo-Verbot in Berlin f√ºr falsch. Die Verwaltung argumentiert, man d√ºrfe gewissen Gruppen keine B√ºhne bieten. Ein verqueres Demokratieverst√§ndnis. Das Demonstrationsrecht ist eins der wichtigsten B√ºrgerrechte - egal wof√ºr man demonstriert. #b2908",
1303687134314930176,https://twitter.com/Markus_Soeder/status/1303687134314930176,"Die schrecklichen Ereignisse aus Moria lassen niemanden kalt und erfordern rasche Hilfe und Solidarit√§t. Ganz Europa und auch Deutschland m√ºssen handeln und helfen. Sollte die Bundesregierung entscheiden, Menschen aufzunehmen, wird sich Bayern selbstverst√§ndlich daran beteiligen.",
1267853772073701379,https://twitter.com/VolkerUllrich/status/1267853772073701379,Der Tweet des AfD-Vorsitzenden Tino Chrupalla zu den Vorg√§ngen in den USA ist nicht nur irgendeine Provokation. Es ist die deutliche Offenbarung eines nationalistischen und rassistischen Weltbilds. Diese Partei steht klar in der Tradition des rechtsextremen Fl√ºgels.,
1225351471530741760,https://twitter.com/Markus_Soeder/status/1225351471530741760,"Es braucht rasch Neuwahlen in Th√ºringen. Denn es ist besser nicht zu regieren, als unmoralisch zu regieren.",
1299788423558033408,https://twitter.com/smuellermdb/status/1299788423558033408,"Ich w√ºrde mir w√ºnschen, dass sich alle √ºber die gewaltbereite #Antifa genauso aufregen, wie √ºber rechtsradikale Chaoten. #b2908 #Berlin2908",
1284813249830166528,https://twitter.com/smuellermdb/status/1284813249830166528,#Frankfurt ist die Afterparty zu #Stuttgart. Zur Aufarbeitung geh√∂rt jetzt das klare Benennen der Ursachen - eine gescheiterte Integration und das Leugnen von Missst√§nden durch linke Eliten. Das m√ºssen wir √§ndern. An diese Zust√§nde will ich mich nicht gew√∂hnen.,
1242441428195856384,https://twitter.com/Markus_Soeder/status/1242441428195856384,"Bayern ist solidarisch. Wir helfen Italien mit medizinischem Ger√§t und nehmen einige Patienten im Rahmen unserer M√∂glichkeiten auf. Gerade in der Not ist es wichtig, zu helfen. Wir wollen ein Signal der Humanit√§t setzen. @AuswaertigesAmt",
1277969947029721089,https://twitter.com/smuellermdb/status/1277969947029721089,"Deutschland hat kein #Polizeiproblem. Deutschland hat ein Problem mit militanten, linken Wirrk√∂pfen und Splittergruppen. Wer unsere Polizisten diskreditiert und bek√§mpft, will Chaos und Anarchie in unserem Land. Das lassen wir nicht zu!",
1308348652096827394,https://twitter.com/DoroBaer/status/1308348652096827394,Das ist widerlicher Dreck! Wo steht denn so ein M√ºll?,
1264468955495903233,https://twitter.com/marcobuelow/status/1264468955495903233,"Stimmt es nicht auch nachdenklich, dass unsere Wirtschaft zugrunde geht, wenn wir 2 Monate nur das kaufen, was wir wirklich brauchen?",
1338470245258973186,https://twitter.com/marcobuelow/status/1338470245258973186,"Das Dienstwagenprivileg kostet j√§hrlich √ºber 4 Mrd. Da schuften Pflegekr√§fte  und zahlen Steuern, damit Manager den Porsche gesponsert kriegen. (Redeauszug)  Asozial!  #blacklist #haushalt #DeineWahl https://t.co/EBVeO6TDKc",
1312066713484132352,https://twitter.com/marcobuelow/status/1312066713484132352,Heute sagte mir ein investigativ arbeitender Journalist:  Wir k√∂nnten auch schlafen - egal was wir enth√ºllen #CumEx oder #maut Skandal #Scheuer  Reicht nicht mal mehr zu einem R√ºcktritt ...,
1329041352802394113,https://twitter.com/FraukePetry/status/1329041352802394113,"Als ich vorhin zu Fu√ü zum Bundestag lief, kam ich mir so vor, als betrete ich eine Festung. Ganz offenbar haben Regierung und gro√üeTeile des Parlaments gro√üe Angst vor dem drau√üen demonstrierenden B√ºrgern. Kommt mir irgendwie bekannt vor.",
1328687138452480000,https://twitter.com/marcobuelow/status/1328687138452480000,Ich bin heute offiziell in @DiePARTEI eingetreten. Wer noch einmal nachsehen will. Aufzeichnung von @ntvde https://t.co/8vmBUo06Ih #PDay #Sonneborn #Partei #Parlament,
1227949055189422080,https://twitter.com/MieruchMario/status/1227949055189422080,"Goering-Eckardt bezeichnet sich als Teil der B√ºrgerrechtsbewegung der DDR. Komisch, bin im gleichen Ort aufgewachsen, da muss sie wohl sehr im Untergrund t√§tig gewesen sein.",
1340952912504209408,https://twitter.com/marcobuelow/status/1340952912504209408,#HartzIV   F√ºr einen Jugendlichen:  ‚õîÔ∏è 23 Cent f√ºr Bildung. Den ganzen Monat!  ‚õîÔ∏è 5 ‚Ç¨ f√ºr Nahrung einen ganzen Tag!   Es mal richtig krachen lassen diese Weihnachten üéÑ mit deiner GroKo - Mahlzeit,
1227290298407178241,https://twitter.com/marcobuelow/status/1227290298407178241,"W√§re es mal m√∂glich, wenn 10% Sonstige ausw√§hlen mal aufzuzeigen, wer da im einzelnen mit gemeint ist? Sind fast doppelt so viele, wie FDP w√§hlen. Z.B. @DiePARTEI ?",
1293814651080323072,https://twitter.com/marcobuelow/status/1293814651080323072,Mein offener Brief bez√ºglich des Medienpreises des Bundestags. V√∂llig unausgewogen. Menschen wie #donalphonso d√ºrfen nicht die Jury pr√§sentieren. https://t.co/2iEiboxe3b,
1278350895055613956,https://twitter.com/marcobuelow/status/1278350895055613956,"Vergesst #Amthor  #Tillich: erst Kohlekommission leiten, faulen #Kohleausstieg aushandeln und dann von #Kohleschmutzlobby belohnt werden   Das ist nicht mehr nur eine  #Lobbyrepublik sondern eine Bananenrepublik  https://t.co/zKfUl1Yko7",
1257953902592434176,https://twitter.com/FraukePetry/status/1257953902592434176,"Der BGH hat mich heute vom Vorwurf der eidlichen Falschaussage (vorher Meineid) freigesprochen. Endlich! Danke an all jene, die w√§hrend der ganzen Zeit an mich geglaubt haben.",
1237173494061903872,https://twitter.com/FraukePetry/status/1237173494061903872,"Diese Kirche l√§sst mich schaudern, soviel Arroganz und Bl√∂dheit einer immerhin studierten Theologin machen mich unfassbar w√ºtend.  https://t.co/xPmgc5JOag",
1276785520572542976,https://twitter.com/marcobuelow/status/1276785520572542976,"Ein Kind was heute geboren wird, muss erst vollj√§hrig werden, damit es den #Kohleausstieg vielieicht erlebt.   Ein Wahnsinn in dieser Zeit, wo in wenigen Monaten so viel passiert  #PolitikVonGestern",
1292759525758586880,https://twitter.com/marcobuelow/status/1292759525758586880,"Der Mann, der bei der Urwahl der #SPD durchfiel, der wie kein anderer f√ºr die #GroKo steht: wird #Kanzlerkandidat #scholz Euer Ernst?   Ausgerechnet nominiert von @EskenSaskia @NowaboFM und @KuehniKev ??",
1261718268852781057,https://twitter.com/marcobuelow/status/1261718268852781057,"‚ÄûWer glaubt, dass in einer endlichen Welt unendliches Wirtschaftswachstum m√∂glich ist, ist entweder ein Idiot oder √ñkonom.‚Äú Kenneth Boulding (Wirtschaftswissenschaftler)  ... oder ein Politiker",
